INSERT INTO users (id, username, email, actual_password, password, role, first_name, last_name, created_at, updated_at,
                   last_login)
VALUES (3, 'userOne', 'user1@gmail.com', 'User@1234', '$2a$12$tyf7x5BBEgdS7u.1en0B7eh52dB.35UEHgj1EBuLfueU5PW.fan1m', 1,
        'Alice', 'Brown', '2025-03-14 02:29:47.953119', '2025-03-14 02:30:49.060849', '2025-03-14 02:30:49.052659'),
       (2, 'moderator1', 'moderator@gmail.com', 'Mod@erator1',
        '$2a$12$Q7HByIlcPGq/3MwFGw147ezMrX96xFcLY9prq.XgGyDpGWNKMH1Gy', 2, 'Jane', 'Smith',
        '2025-03-14 02:29:47.643451', '2025-03-14 02:33:32.085029', '2025-03-14 02:33:32.084060'),
       (4, 'userTwo', 'user2@gmail.com', 'User@5678', '$2a$12$ZZ0G.7Z9a8gLSmv7RgkwV.4alvUrq0dDwPqFk9/sGos9kMBkbloQu', 1,
        'Robert', 'Williams', '2025-03-14 02:29:48.268338', '2025-03-14 02:36:19.169464', '2025-03-14 02:36:19.157270'),
       (5, 'userThree', 'user3@gmail.com', 'User@91011', '$2a$12$Nz1V87FxEWPibY1xB3ryu.Sxz7izKNSdbPfe26EZq37QcTBBTR0Qe',
        1, 'Emily', 'Johnson', '2025-03-14 02:29:48.579022', '2025-03-14 02:37:38.925922',
        '2025-03-14 02:37:38.924055'),
       (7, 'userFive', 'user5@gmail.com', 'User@1415', '$2a$12$IskXVfcP6z0Xavenr1AsX.3pQnpoMqigq0lz1Ae1/yuyGT2HDODaS',
        1, 'Sarah', 'Miller', '2025-03-14 02:29:49.196774', '2025-03-14 02:29:49.196774', '2025-03-14 02:37:38.924055'),
       (10, 'userEight', 'user8@gmail.com', 'User@2021', '$2a$12$6XaR4Vq1zmGj8WtgCFjt2um4TmsOCNT0oJ3eYVenbcl8gCUkRb1CC',
        1, 'James', 'Hernandez', '2025-03-14 02:29:50.118996', '2025-03-14 02:29:50.118996',
        '2025-03-14 02:33:32.084060'),
       (6, 'userFour', 'user4@gmail.com', 'User@1213', '$2a$12$vdsnC4OqsVruwkNJElXrpeOzGgnHiDQ4NzRd6I.QjhjjzBnAwEKS2',
        1, 'Michael', 'Anderson', '2025-03-14 02:29:48.888796', '2025-03-14 02:29:48.888796',
        '2025-03-14 02:37:38.924055'),
       (8, 'userSix', 'user6@gmail.com', 'User@1617', '$2a$12$nthr99TrAv2Lax74JXd6.OucPhK7lHv2hQPoAy4Sm2tVt4WAzKTk6', 1,
        'Daniel', 'Taylor', '2025-03-14 02:29:49.504619', '2025-03-14 02:29:49.504619', '2025-03-14 02:30:49.052659'),
       (9, 'userSeven', 'user7@gmail.com', 'User@1819', '$2a$12$nCkhydtE84DLQQFpbjcB5O1xQWUmCqXOuNUBBizwtsoOEu.KZbn1e',
        1, 'Laura', 'Martinez', '2025-03-14 02:29:49.813204', '2025-03-14 02:29:49.813204',
        '2025-03-14 02:36:19.157270'),
       (1, 'adminUser', 'admin@gmail.com', 'Admin@1234', '$2a$12$Bied8TjX9TrvJPsnL/lrBOygvz8Hb4o1wKyRNXsUZXQK5regX1ZU2',
        3, 'John', 'Doe', '2025-03-14 02:29:47.303996', '2025-03-14 02:29:47.303996', '2025-03-14 02:36:19.157270');

INSERT INTO recipe (id, title, description, instructions, ratings, status)
VALUES (5, 'Beef Stroganoff', 'A classic Russian dish with tender beef strips cooked in a creamy mushroom sauce.',
        'Melt butter in a pan over medium heat. Sauté onions and garlic until softened. Add mushrooms and cook until tender. Add beef strips and brown on all sides. Stir in paprika, mustard, and beef broth. Simmer for 10 minutes. Pour in heavy cream and cook for another 5 minutes until the sauce thickens. Garnish with fresh parsley and serve with pasta or rice.',
        0.0, 2),
       (3, 'Shrimp Scampi', 'A delicious and easy shrimp dish cooked in a buttery garlic sauce with a hint of lemon.',
        'Heat olive oil and butter in a pan over medium heat. Sauté garlic for 30 seconds until fragrant. Add shrimp and cook for 2-3 minutes per side. Pour in white wine and lemon juice, then season with salt, pepper, and red pepper flakes. Simmer for 2 minutes. Garnish with fresh parsley and serve over pasta.',
        0.0, 2),
       (4, 'Vegetable Stir-Fry', 'A quick and healthy stir-fry with fresh vegetables and a flavorful soy-based sauce.',
        'Heat vegetable oil in a wok or large pan. Sauté garlic and ginger for 30 seconds. Add all vegetables and stir-fry for 5-7 minutes until tender-crisp. Stir in soy sauce, oyster sauce, red pepper flakes, and sesame oil. Toss everything together and cook for another minute. Garnish with sesame seeds and serve with rice or noodles.',
        0.0, 2),
       (1, 'Chicken Curry', 'A flavorful and spicy chicken curry cooked with aromatic spices and coconut milk.',
        'Heat oil in a pan and sauté onions until golden brown. Add garlic and ginger, cook for a minute. Stir in tomatoes and spices, cook until tomatoes soften. Add chicken and brown on all sides. Pour in coconut milk, cover, and simmer for 25-30 minutes until the chicken is tender. Garnish with fresh cilantro and serve with rice or naan.',
        0.0, 2),
       (2, 'Chocolate Chip Cookies', 'Classic chewy and soft chocolate chip cookies with a rich buttery flavor.',
        'Preheat oven to 180°C (350°F). In a bowl, beat butter, brown sugar, and white sugar until creamy. Add eggs and vanilla, mix well. In another bowl, combine flour, baking soda, and salt. Gradually add to the wet mixture. Stir in chocolate chips. Drop spoonfuls onto a baking sheet and bake for 10-12 minutes until golden brown. Cool and enjoy!',
        0.0, 2);

INSERT INTO recipe_ingredients (id, recipe_id, ingredient)
VALUES (1, 1, '500g chicken, cut into pieces'),
       (2, 1, '1 onion, finely chopped'),
       (3, 1, '2 tomatoes, chopped'),
       (4, 1, '3 cloves garlic, minced'),
       (5, 1, '1-inch ginger, minced'),
       (6, 1, '1 cup coconut milk'),
       (7, 1, '2 tbsp curry powder'),
       (8, 1, '1 tsp turmeric powder'),
       (9, 1, '1 tsp cumin powder'),
       (10, 1, '1 tsp coriander powder'),
       (11, 1, '1/2 tsp chili powder'),
       (12, 1, 'Salt to taste'),
       (13, 1, '2 tbsp oil'),
       (14, 1, 'Fresh cilantro for garnish'),
       (15, 2, '1 cup butter, softened'),
       (16, 2, '1 cup brown sugar'),
       (17, 2, '1/2 cup white sugar'),
       (18, 2, '2 eggs'),
       (19, 2, '2 tsp vanilla extract'),
       (20, 2, '2 1/2 cups all-purpose flour'),
       (21, 2, '1 tsp baking soda'),
       (22, 2, '1/2 tsp salt'),
       (23, 2, '1 cup chocolate chips'),
       (24, 3, '500g shrimp, peeled and deveined'),
       (25, 3, '4 cloves garlic, minced'),
       (26, 3, '1/4 cup butter'),
       (27, 3, '1/4 cup white wine'),
       (28, 3, '2 tbsp lemon juice'),
       (29, 3, '1/2 tsp red pepper flakes'),
       (30, 3, 'Salt and pepper to taste'),
       (31, 3, '2 tbsp olive oil'),
       (32, 3, 'Fresh parsley for garnish'),
       (33, 3, 'Cooked pasta for serving'),
       (34, 4, '1 cup broccoli florets'),
       (35, 4, '1 red bell pepper, sliced'),
       (36, 4, '1 carrot, julienned'),
       (37, 4, '1 zucchini, sliced'),
       (38, 4, '2 cloves garlic, minced'),
       (39, 4, '1-inch ginger, grated'),
       (40, 4, '2 tbsp soy sauce'),
       (41, 4, '1 tbsp oyster sauce'),
       (42, 4, '1 tsp sesame oil'),
       (43, 4, '1/2 tsp red pepper flakes'),
       (44, 4, '1 tbsp vegetable oil'),
       (45, 4, 'Sesame seeds for garnish'),
       (46, 5, '500g beef sirloin, cut into strips'),
       (47, 5, '1 onion, finely chopped'),
       (48, 5, '2 cloves garlic, minced'),
       (49, 5, '200g mushrooms, sliced'),
       (50, 5, '1 cup beef broth'),
       (51, 5, '1 cup heavy cream'),
       (52, 5, '1 tbsp Dijon mustard'),
       (53, 5, '1 tsp paprika'),
       (54, 5, '2 tbsp butter'),
       (55, 5, 'Salt and pepper to taste'),
       (56, 5, 'Fresh parsley for garnish');

INSERT INTO comment (id, recipe_id, user_id, content)
VALUES (1, 1, 3, 'This looks amazing! Adding to my weekend menu.'),
       (2, 1, 4, 'I love the simplicity of this recipe!'),
       (3, 1, 5, 'Never thought of this combination. Looks great!'),
       (4, 1, 6, 'Does this work with gluten-free alternatives?'),
       (5, 1, 7, 'Tried it today—absolute perfection!'),
       (6, 1, 8, 'I’d love to experiment with different spices on this.'),

       (7, 2, 3, 'This reminds me of a dish my grandmother used to make.'),
       (8, 2, 4, 'Looks delicious! Does it take long to cook?'),
       (9, 2, 5, 'I bet this would go well with a side of roasted veggies.'),
       (10, 2, 6, 'Tried it—wasn’t a fan, but my family loved it.'),
       (11, 2, 7, 'Great recipe! I added some garlic for extra flavor.'),
       (12, 2, 8, 'I need this in my life right now.'),

       (13, 3, 3, 'Wow, this is a game-changer!'),
       (14, 3, 4, 'A little too spicy for me, but still amazing!'),
       (15, 3, 5, 'This looks fancy, but is it easy to make?'),
       (16, 3, 6, 'I’m adding this to my meal prep rotation.'),
       (17, 3, 7, 'I love how colorful this dish is!'),
       (18, 3, 8, 'Could use more seasoning, but otherwise solid!'),

       (19, 4, 3, 'Mind-blowing! Adding this to my must-try list.'),
       (20, 4, 4, 'I’d love to see a vegetarian version of this!'),
       (21, 4, 5, 'Does anyone have a low-carb variation of this recipe?'),
       (22, 4, 6, 'My kids are picky eaters, but they actually liked this!'),
       (23, 4, 7, 'This is a work of art!'),
       (24, 4, 8, 'Tastes great, but the texture was different than expected.'),

       (25, 5, 3, 'I never would have guessed these ingredients go together. Brilliant!'),
       (26, 5, 4, 'Looks incredible! Any serving suggestions?'),
       (27, 5, 5, 'I wish I had found this recipe sooner!'),
       (28, 5, 6, 'Trying this tonight. Hope I don’t mess it up!'),
       (29, 5, 7, 'This could be the next viral food trend!'),
       (30, 5, 8, 'Wow, this exceeded my expectations!');

INSERT INTO rating (id, recipe_id, user_id, rating)
VALUES (1, 1, 3, 5),
       (2, 1, 4, 4),
       (3, 1, 5, 3),
       (4, 1, 6, 5),
       (5, 1, 7, 2),
       (6, 1, 8, 4),

       (7, 2, 3, 3),
       (8, 2, 4, 5),
       (9, 2, 5, 4),
       (10, 2, 6, 2),
       (11, 2, 7, 5),
       (12, 2, 8, 3),

       (13, 3, 3, 4),
       (14, 3, 4, 3),
       (15, 3, 5, 5),
       (16, 3, 6, 2),
       (17, 3, 7, 4),
       (18, 3, 8, 5),

       (19, 4, 3, 2),
       (20, 4, 4, 5),
       (21, 4, 5, 4),
       (22, 4, 6, 3),
       (23, 4, 7, 5),
       (24, 4, 8, 3),

       (25, 5, 3, 5),
       (26, 5, 4, 2),
       (27, 5, 5, 3),
       (28, 5, 6, 4),
       (29, 5, 7, 5),
       (30, 5, 8, 4);

UPDATE recipe r
SET ratings = COALESCE(ROUND(avg_r.avg_rating::NUMERIC, 1), 0.0) FROM (
    SELECT recipe_id, AVG(rating) AS avg_rating
    FROM rating
    GROUP BY recipe_id
) avg_r
WHERE r.id = avg_r.recipe_id;




